"","provider","provider_title","algorithm","algorithm_id","algorithm_title"
"1","3d","QGIS (3D)","3d:tessellate","tessellate","Tessellate"
"2","gdal","GDAL","gdal:aspect","aspect","Aspect"
"3","gdal","GDAL","gdal:assignprojection","assignprojection","Assign projection"
"4","gdal","GDAL","gdal:buffervectors","buffervectors","Buffer vectors"
"5","gdal","GDAL","gdal:buildvirtualraster","buildvirtualraster","Build virtual raster"
"6","gdal","GDAL","gdal:buildvirtualvector","buildvirtualvector","Build virtual vector"
"7","gdal","GDAL","gdal:cliprasterbyextent","cliprasterbyextent","Clip raster by extent"
"8","gdal","GDAL","gdal:cliprasterbymasklayer","cliprasterbymasklayer","Clip raster by mask layer"
"9","gdal","GDAL","gdal:clipvectorbyextent","clipvectorbyextent","Clip vector by extent"
"10","gdal","GDAL","gdal:clipvectorbypolygon","clipvectorbypolygon","Clip vector by mask layer"
"11","gdal","GDAL","gdal:colorrelief","colorrelief","Color relief"
"12","gdal","GDAL","gdal:contour","contour","Contour"
"13","gdal","GDAL","gdal:contour_polygon","contour_polygon","Contour Polygons"
"14","gdal","GDAL","gdal:convertformat","convertformat","Convert format"
"15","gdal","GDAL","gdal:dissolve","dissolve","Dissolve"
"16","gdal","GDAL","gdal:executesql","executesql","Execute SQL"
"17","gdal","GDAL","gdal:extractprojection","extractprojection","Extract projection"
"18","gdal","GDAL","gdal:fillnodata","fillnodata","Fill nodata"
"19","gdal","GDAL","gdal:gdal2tiles","gdal2tiles","gdal2tiles"
"20","gdal","GDAL","gdal:gdal2xyz","gdal2xyz","gdal2xyz"
"21","gdal","GDAL","gdal:gdalinfo","gdalinfo","Raster information"
"22","gdal","GDAL","gdal:gridaverage","gridaverage","Grid (Moving average)"
"23","gdal","GDAL","gdal:griddatametrics","griddatametrics","Grid (Data metrics)"
"24","gdal","GDAL","gdal:gridinversedistance","gridinversedistance","Grid (Inverse distance to a power)"
"25","gdal","GDAL","gdal:gridinversedistancenearestneighbor","gridinversedistancenearestneighbor","Grid (IDW with nearest neighbor searching)"
"26","gdal","GDAL","gdal:gridlinear","gridlinear","Grid (Linear)"
"27","gdal","GDAL","gdal:gridnearestneighbor","gridnearestneighbor","Grid (Nearest neighbor)"
"28","gdal","GDAL","gdal:hillshade","hillshade","Hillshade"
"29","gdal","GDAL","gdal:importvectorintopostgisdatabaseavailableconnections","importvectorintopostgisdatabaseavailableconnections","Export to PostgreSQL (available connections)"
"30","gdal","GDAL","gdal:importvectorintopostgisdatabasenewconnection","importvectorintopostgisdatabasenewconnection","Export to PostgreSQL (new connection)"
"31","gdal","GDAL","gdal:merge","merge","Merge"
"32","gdal","GDAL","gdal:nearblack","nearblack","Near black"
"33","gdal","GDAL","gdal:offsetcurve","offsetcurve","Offset curve"
"34","gdal","GDAL","gdal:ogrinfo","ogrinfo","Vector information"
"35","gdal","GDAL","gdal:onesidebuffer","onesidebuffer","One side buffer"
"36","gdal","GDAL","gdal:overviews","overviews","Build overviews (pyramids)"
"37","gdal","GDAL","gdal:pansharp","pansharp","Pansharpening"
"38","gdal","GDAL","gdal:pcttorgb","pcttorgb","PCT to RGB"
"39","gdal","GDAL","gdal:pointsalonglines","pointsalonglines","Points along lines"
"40","gdal","GDAL","gdal:polygonize","polygonize","Polygonize (raster to vector)"
"41","gdal","GDAL","gdal:proximity","proximity","Proximity (raster distance)"
"42","gdal","GDAL","gdal:rastercalculator","rastercalculator","Raster calculator"
"43","gdal","GDAL","gdal:rasterize","rasterize","Rasterize (vector to raster)"
"44","gdal","GDAL","gdal:rasterize_over","rasterize_over","Rasterize (overwrite with attribute)"
"45","gdal","GDAL","gdal:rasterize_over_fixed_value","rasterize_over_fixed_value","Rasterize (overwrite with fixed value)"
"46","gdal","GDAL","gdal:rearrange_bands","rearrange_bands","Rearrange bands"
"47","gdal","GDAL","gdal:retile","retile","Retile"
"48","gdal","GDAL","gdal:rgbtopct","rgbtopct","RGB to PCT"
"49","gdal","GDAL","gdal:roughness","roughness","Roughness"
"50","gdal","GDAL","gdal:sieve","sieve","Sieve"
"51","gdal","GDAL","gdal:slope","slope","Slope"
"52","gdal","GDAL","gdal:tileindex","tileindex","Tile index"
"53","gdal","GDAL","gdal:tpitopographicpositionindex","tpitopographicpositionindex","Topographic Position Index (TPI)"
"54","gdal","GDAL","gdal:translate","translate","Translate (convert format)"
"55","gdal","GDAL","gdal:triterrainruggednessindex","triterrainruggednessindex","Terrain Ruggedness Index (TRI)"
"56","gdal","GDAL","gdal:warpreproject","warpreproject","Warp (reproject)"
"57","grass7","GRASS","grass7:i.albedo","i.albedo","i.albedo"
"58","grass7","GRASS","grass7:i.aster.toar","i.aster.toar","i.aster.toar"
"59","grass7","GRASS","grass7:i.atcorr","i.atcorr","i.atcorr"
"60","grass7","GRASS","grass7:i.biomass","i.biomass","i.biomass"
"61","grass7","GRASS","grass7:i.cca","i.cca","i.cca"
"62","grass7","GRASS","grass7:i.cluster","i.cluster","i.cluster"
"63","grass7","GRASS","grass7:i.colors.enhance","i.colors.enhance","i.colors.enhance"
"64","grass7","GRASS","grass7:i.eb.eta","i.eb.eta","i.eb.eta"
"65","grass7","GRASS","grass7:i.eb.evapfr","i.eb.evapfr","i.eb.evapfr"
"66","grass7","GRASS","grass7:i.eb.hsebal01.coords","i.eb.hsebal01.coords","i.eb.hsebal01.coords"
"67","grass7","GRASS","grass7:i.eb.netrad","i.eb.netrad","i.eb.netrad"
"68","grass7","GRASS","grass7:i.eb.soilheatflux","i.eb.soilheatflux","i.eb.soilheatflux"
"69","grass7","GRASS","grass7:i.emissivity","i.emissivity","i.emissivity"
"70","grass7","GRASS","grass7:i.evapo.mh","i.evapo.mh","i.evapo.mh"
"71","grass7","GRASS","grass7:i.evapo.pm","i.evapo.pm","i.evapo.pm"
"72","grass7","GRASS","grass7:i.evapo.pt","i.evapo.pt","i.evapo.pt"
"73","grass7","GRASS","grass7:i.evapo.time","i.evapo.time","i.evapo.time"
"74","grass7","GRASS","grass7:i.fft","i.fft","i.fft"
"75","grass7","GRASS","grass7:i.gensig","i.gensig","i.gensig"
"76","grass7","GRASS","grass7:i.gensigset","i.gensigset","i.gensigset"
"77","grass7","GRASS","grass7:i.group","i.group","i.group"
"78","grass7","GRASS","grass7:i.his.rgb","i.his.rgb","i.his.rgb"
"79","grass7","GRASS","grass7:i.ifft","i.ifft","i.ifft"
"80","grass7","GRASS","grass7:i.image.mosaic","i.image.mosaic","i.image.mosaic"
"81","grass7","GRASS","grass7:i.in.spotvgt","i.in.spotvgt","i.in.spotvgt"
"82","grass7","GRASS","grass7:i.landsat.acca","i.landsat.acca","i.landsat.acca"
"83","grass7","GRASS","grass7:i.landsat.toar","i.landsat.toar","i.landsat.toar"
"84","grass7","GRASS","grass7:i.maxlik","i.maxlik","i.maxlik"
"85","grass7","GRASS","grass7:i.modis.qc","i.modis.qc","i.modis.qc"
"86","grass7","GRASS","grass7:i.oif","i.oif","i.oif"
"87","grass7","GRASS","grass7:i.pansharpen","i.pansharpen","i.pansharpen"
"88","grass7","GRASS","grass7:i.pca","i.pca","i.pca"
"89","grass7","GRASS","grass7:i.rgb.his","i.rgb.his","i.rgb.his"
"90","grass7","GRASS","grass7:i.segment","i.segment","i.segment"
"91","grass7","GRASS","grass7:i.smap","i.smap","i.smap"
"92","grass7","GRASS","grass7:i.tasscap","i.tasscap","i.tasscap"
"93","grass7","GRASS","grass7:i.topo.coor.ill","i.topo.coor.ill","i.topo.coor.ill"
"94","grass7","GRASS","grass7:i.topo.corr","i.topo.corr","i.topo.corr"
"95","grass7","GRASS","grass7:i.vi","i.vi","i.vi"
"96","grass7","GRASS","grass7:i.zc","i.zc","i.zc"
"97","grass7","GRASS","grass7:m.cogo","m.cogo","m.cogo"
"98","grass7","GRASS","grass7:nviz","nviz","nviz"
"99","grass7","GRASS","grass7:r.basins.fill","r.basins.fill","r.basins.fill"
"100","grass7","GRASS","grass7:r.blend.combine","r.blend.combine","r.blend.combine"
"101","grass7","GRASS","grass7:r.blend.rgb","r.blend.rgb","r.blend.rgb"
"102","grass7","GRASS","grass7:r.buffer","r.buffer","r.buffer"
"103","grass7","GRASS","grass7:r.buffer.lowmem","r.buffer.lowmem","r.buffer.lowmem"
"104","grass7","GRASS","grass7:r.carve","r.carve","r.carve"
"105","grass7","GRASS","grass7:r.category","r.category","r.category"
"106","grass7","GRASS","grass7:r.category.out","r.category.out","r.category.out"
"107","grass7","GRASS","grass7:r.circle","r.circle","r.circle"
"108","grass7","GRASS","grass7:r.clump","r.clump","r.clump"
"109","grass7","GRASS","grass7:r.coin","r.coin","r.coin"
"110","grass7","GRASS","grass7:r.colors","r.colors","r.colors"
"111","grass7","GRASS","grass7:r.colors.out","r.colors.out","r.colors.out"
"112","grass7","GRASS","grass7:r.colors.stddev","r.colors.stddev","r.colors.stddev"
"113","grass7","GRASS","grass7:r.composite","r.composite","r.composite"
"114","grass7","GRASS","grass7:r.contour","r.contour","r.contour"
"115","grass7","GRASS","grass7:r.cost","r.cost","r.cost"
"116","grass7","GRASS","grass7:r.covar","r.covar","r.covar"
"117","grass7","GRASS","grass7:r.cross","r.cross","r.cross"
"118","grass7","GRASS","grass7:r.describe","r.describe","r.describe"
"119","grass7","GRASS","grass7:r.distance","r.distance","r.distance"
"120","grass7","GRASS","grass7:r.drain","r.drain","r.drain"
"121","grass7","GRASS","grass7:r.fill.dir","r.fill.dir","r.fill.dir"
"122","grass7","GRASS","grass7:r.fill.stats","r.fill.stats","r.fill.stats"
"123","grass7","GRASS","grass7:r.fillnulls","r.fillnulls","r.fillnulls"
"124","grass7","GRASS","grass7:r.flow","r.flow","r.flow"
"125","grass7","GRASS","grass7:r.geomorphon","r.geomorphon","r.geomorphon"
"126","grass7","GRASS","grass7:r.grow","r.grow","r.grow"
"127","grass7","GRASS","grass7:r.grow.distance","r.grow.distance","r.grow.distance"
"128","grass7","GRASS","grass7:r.gwflow","r.gwflow","r.gwflow"
"129","grass7","GRASS","grass7:r.his","r.his","r.his"
"130","grass7","GRASS","grass7:r.horizon","r.horizon","r.horizon"
"131","grass7","GRASS","grass7:r.horizon.height","r.horizon.height","r.horizon.height"
"132","grass7","GRASS","grass7:r.in.lidar","r.in.lidar","r.in.lidar"
"133","grass7","GRASS","grass7:r.in.lidar.info","r.in.lidar.info","r.in.lidar.info"
"134","grass7","GRASS","grass7:r.info","r.info","r.info"
"135","grass7","GRASS","grass7:r.kappa","r.kappa","r.kappa"
"136","grass7","GRASS","grass7:r.lake","r.lake","r.lake"
"137","grass7","GRASS","grass7:r.latlong","r.latlong","r.latlong"
"138","grass7","GRASS","grass7:r.li.cwed","r.li.cwed","r.li.cwed"
"139","grass7","GRASS","grass7:r.li.cwed.ascii","r.li.cwed.ascii","r.li.cwed.ascii"
"140","grass7","GRASS","grass7:r.li.dominance","r.li.dominance","r.li.dominance"
"141","grass7","GRASS","grass7:r.li.dominance.ascii","r.li.dominance.ascii","r.li.dominance.ascii"
"142","grass7","GRASS","grass7:r.li.edgedensity","r.li.edgedensity","r.li.edgedensity"
"143","grass7","GRASS","grass7:r.li.edgedensity.ascii","r.li.edgedensity.ascii","r.li.edgedensity.ascii"
"144","grass7","GRASS","grass7:r.li.mpa","r.li.mpa","r.li.mpa"
"145","grass7","GRASS","grass7:r.li.mpa.ascii","r.li.mpa.ascii","r.li.mpa.ascii"
"146","grass7","GRASS","grass7:r.li.mps","r.li.mps","r.li.mps"
"147","grass7","GRASS","grass7:r.li.mps.ascii","r.li.mps.ascii","r.li.mps.ascii"
"148","grass7","GRASS","grass7:r.li.padcv","r.li.padcv","r.li.padcv"
"149","grass7","GRASS","grass7:r.li.padcv.ascii","r.li.padcv.ascii","r.li.padcv.ascii"
"150","grass7","GRASS","grass7:r.li.padrange","r.li.padrange","r.li.padrange"
"151","grass7","GRASS","grass7:r.li.padrange.ascii","r.li.padrange.ascii","r.li.padrange.ascii"
"152","grass7","GRASS","grass7:r.li.padsd","r.li.padsd","r.li.padsd"
"153","grass7","GRASS","grass7:r.li.padsd.ascii","r.li.padsd.ascii","r.li.padsd.ascii"
"154","grass7","GRASS","grass7:r.li.patchdensity","r.li.patchdensity","r.li.patchdensity"
"155","grass7","GRASS","grass7:r.li.patchdensity.ascii","r.li.patchdensity.ascii","r.li.patchdensity.ascii"
"156","grass7","GRASS","grass7:r.li.patchnum","r.li.patchnum","r.li.patchnum"
"157","grass7","GRASS","grass7:r.li.patchnum.ascii","r.li.patchnum.ascii","r.li.patchnum.ascii"
"158","grass7","GRASS","grass7:r.li.pielou","r.li.pielou","r.li.pielou"
"159","grass7","GRASS","grass7:r.li.pielou.ascii","r.li.pielou.ascii","r.li.pielou.ascii"
"160","grass7","GRASS","grass7:r.li.renyi","r.li.renyi","r.li.renyi"
"161","grass7","GRASS","grass7:r.li.renyi.ascii","r.li.renyi.ascii","r.li.renyi.ascii"
"162","grass7","GRASS","grass7:r.li.richness","r.li.richness","r.li.richness"
"163","grass7","GRASS","grass7:r.li.richness.ascii","r.li.richness.ascii","r.li.richness.ascii"
"164","grass7","GRASS","grass7:r.li.shannon","r.li.shannon","r.li.shannon"
"165","grass7","GRASS","grass7:r.li.shannon.ascii","r.li.shannon.ascii","r.li.shannon.ascii"
"166","grass7","GRASS","grass7:r.li.shape","r.li.shape","r.li.shape"
"167","grass7","GRASS","grass7:r.li.shape.ascii","r.li.shape.ascii","r.li.shape.ascii"
"168","grass7","GRASS","grass7:r.li.simpson","r.li.simpson","r.li.simpson"
"169","grass7","GRASS","grass7:r.li.simpson.ascii","r.li.simpson.ascii","r.li.simpson.ascii"
"170","grass7","GRASS","grass7:r.mapcalc.simple","r.mapcalc.simple","r.mapcalc.simple"
"171","grass7","GRASS","grass7:r.mask.rast","r.mask.rast","r.mask.rast"
"172","grass7","GRASS","grass7:r.mask.vect","r.mask.vect","r.mask.vect"
"173","grass7","GRASS","grass7:r.mfilter","r.mfilter","r.mfilter"
"174","grass7","GRASS","grass7:r.mode","r.mode","r.mode"
"175","grass7","GRASS","grass7:r.neighbors","r.neighbors","r.neighbors"
"176","grass7","GRASS","grass7:r.null","r.null","r.null"
"177","grass7","GRASS","grass7:r.out.ascii","r.out.ascii","r.out.ascii"
"178","grass7","GRASS","grass7:r.out.gridatb","r.out.gridatb","r.out.gridatb"
"179","grass7","GRASS","grass7:r.out.mat","r.out.mat","r.out.mat"
"180","grass7","GRASS","grass7:r.out.mpeg","r.out.mpeg","r.out.mpeg"
"181","grass7","GRASS","grass7:r.out.png","r.out.png","r.out.png"
"182","grass7","GRASS","grass7:r.out.pov","r.out.pov","r.out.pov"
"183","grass7","GRASS","grass7:r.out.ppm","r.out.ppm","r.out.ppm"
"184","grass7","GRASS","grass7:r.out.ppm3","r.out.ppm3","r.out.ppm3"
"185","grass7","GRASS","grass7:r.out.vrml","r.out.vrml","r.out.vrml"
"186","grass7","GRASS","grass7:r.out.vtk","r.out.vtk","r.out.vtk"
"187","grass7","GRASS","grass7:r.out.xyz","r.out.xyz","r.out.xyz"
"188","grass7","GRASS","grass7:r.param.scale","r.param.scale","r.param.scale"
"189","grass7","GRASS","grass7:r.patch","r.patch","r.patch"
"190","grass7","GRASS","grass7:r.plane","r.plane","r.plane"
"191","grass7","GRASS","grass7:r.profile","r.profile","r.profile"
"192","grass7","GRASS","grass7:r.proj","r.proj","r.proj"
"193","grass7","GRASS","grass7:r.quant","r.quant","r.quant"
"194","grass7","GRASS","grass7:r.quantile","r.quantile","r.quantile"
"195","grass7","GRASS","grass7:r.random","r.random","r.random"
"196","grass7","GRASS","grass7:r.random.cells","r.random.cells","r.random.cells"
"197","grass7","GRASS","grass7:r.random.surface","r.random.surface","r.random.surface"
"198","grass7","GRASS","grass7:r.reclass","r.reclass","r.reclass"
"199","grass7","GRASS","grass7:r.reclass.area","r.reclass.area","r.reclass.area"
"200","grass7","GRASS","grass7:r.recode","r.recode","r.recode"
"201","grass7","GRASS","grass7:r.regression.line","r.regression.line","r.regression.line"
"202","grass7","GRASS","grass7:r.regression.multi","r.regression.multi","r.regression.multi"
"203","grass7","GRASS","grass7:r.relief","r.relief","r.relief"
"204","grass7","GRASS","grass7:r.relief.scaling","r.relief.scaling","r.relief.scaling"
"205","grass7","GRASS","grass7:r.report","r.report","r.report"
"206","grass7","GRASS","grass7:r.resamp.bspline","r.resamp.bspline","r.resamp.bspline"
"207","grass7","GRASS","grass7:r.resamp.filter","r.resamp.filter","r.resamp.filter"
"208","grass7","GRASS","grass7:r.resamp.interp","r.resamp.interp","r.resamp.interp"
"209","grass7","GRASS","grass7:r.resamp.rst","r.resamp.rst","r.resamp.rst"
"210","grass7","GRASS","grass7:r.resamp.stats","r.resamp.stats","r.resamp.stats"
"211","grass7","GRASS","grass7:r.resample","r.resample","r.resample"
"212","grass7","GRASS","grass7:r.rescale","r.rescale","r.rescale"
"213","grass7","GRASS","grass7:r.rescale.eq","r.rescale.eq","r.rescale.eq"
"214","grass7","GRASS","grass7:r.rgb","r.rgb","r.rgb"
"215","grass7","GRASS","grass7:r.ros","r.ros","r.ros"
"216","grass7","GRASS","grass7:r.series","r.series","r.series"
"217","grass7","GRASS","grass7:r.series.accumulate","r.series.accumulate","r.series.accumulate"
"218","grass7","GRASS","grass7:r.series.interp","r.series.interp","r.series.interp"
"219","grass7","GRASS","grass7:r.shade","r.shade","r.shade"
"220","grass7","GRASS","grass7:r.sim.sediment","r.sim.sediment","r.sim.sediment"
"221","grass7","GRASS","grass7:r.sim.water","r.sim.water","r.sim.water"
"222","grass7","GRASS","grass7:r.slope.aspect","r.slope.aspect","r.slope.aspect"
"223","grass7","GRASS","grass7:r.solute.transport","r.solute.transport","r.solute.transport"
"224","grass7","GRASS","grass7:r.spread","r.spread","r.spread"
"225","grass7","GRASS","grass7:r.spreadpath","r.spreadpath","r.spreadpath"
"226","grass7","GRASS","grass7:r.statistics","r.statistics","r.statistics"
"227","grass7","GRASS","grass7:r.stats","r.stats","r.stats"
"228","grass7","GRASS","grass7:r.stats.quantile.out","r.stats.quantile.out","r.stats.quantile.out"
"229","grass7","GRASS","grass7:r.stats.quantile.rast","r.stats.quantile.rast","r.stats.quantile.rast"
"230","grass7","GRASS","grass7:r.stats.zonal","r.stats.zonal","r.stats.zonal"
"231","grass7","GRASS","grass7:r.stream.extract","r.stream.extract","r.stream.extract"
"232","grass7","GRASS","grass7:r.sun.incidout","r.sun.incidout","r.sun.incidout"
"233","grass7","GRASS","grass7:r.sun.insoltime","r.sun.insoltime","r.sun.insoltime"
"234","grass7","GRASS","grass7:r.sunhours","r.sunhours","r.sunhours"
"235","grass7","GRASS","grass7:r.sunmask.datetime","r.sunmask.datetime","r.sunmask.datetime"
"236","grass7","GRASS","grass7:r.sunmask.position","r.sunmask.position","r.sunmask.position"
"237","grass7","GRASS","grass7:r.surf.area","r.surf.area","r.surf.area"
"238","grass7","GRASS","grass7:r.surf.contour","r.surf.contour","r.surf.contour"
"239","grass7","GRASS","grass7:r.surf.fractal","r.surf.fractal","r.surf.fractal"
"240","grass7","GRASS","grass7:r.surf.gauss","r.surf.gauss","r.surf.gauss"
"241","grass7","GRASS","grass7:r.surf.idw","r.surf.idw","r.surf.idw"
"242","grass7","GRASS","grass7:r.surf.random","r.surf.random","r.surf.random"
"243","grass7","GRASS","grass7:r.terraflow","r.terraflow","r.terraflow"
"244","grass7","GRASS","grass7:r.texture","r.texture","r.texture"
"245","grass7","GRASS","grass7:r.thin","r.thin","r.thin"
"246","grass7","GRASS","grass7:r.tile","r.tile","r.tile"
"247","grass7","GRASS","grass7:r.tileset","r.tileset","r.tileset"
"248","grass7","GRASS","grass7:r.to.vect","r.to.vect","r.to.vect"
"249","grass7","GRASS","grass7:r.topidx","r.topidx","r.topidx"
"250","grass7","GRASS","grass7:r.topmodel","r.topmodel","r.topmodel"
"251","grass7","GRASS","grass7:r.topmodel.topidxstats","r.topmodel.topidxstats","r.topmodel.topidxstats"
"252","grass7","GRASS","grass7:r.transect","r.transect","r.transect"
"253","grass7","GRASS","grass7:r.univar","r.univar","r.univar"
"254","grass7","GRASS","grass7:r.uslek","r.uslek","r.uslek"
"255","grass7","GRASS","grass7:r.usler","r.usler","r.usler"
"256","grass7","GRASS","grass7:r.viewshed","r.viewshed","r.viewshed"
"257","grass7","GRASS","grass7:r.volume","r.volume","r.volume"
"258","grass7","GRASS","grass7:r.walk.coords","r.walk.coords","r.walk.coords"
"259","grass7","GRASS","grass7:r.walk.points","r.walk.points","r.walk.points"
"260","grass7","GRASS","grass7:r.walk.rast","r.walk.rast","r.walk.rast"
"261","grass7","GRASS","grass7:r.water.outlet","r.water.outlet","r.water.outlet"
"262","grass7","GRASS","grass7:r.watershed","r.watershed","r.watershed"
"263","grass7","GRASS","grass7:r.what.color","r.what.color","r.what.color"
"264","grass7","GRASS","grass7:r.what.coords","r.what.coords","r.what.coords"
"265","grass7","GRASS","grass7:r.what.points","r.what.points","r.what.points"
"266","grass7","GRASS","grass7:v.buffer","v.buffer","v.buffer"
"267","grass7","GRASS","grass7:v.build.check","v.build.check","v.build.check"
"268","grass7","GRASS","grass7:v.build.polylines","v.build.polylines","v.build.polylines"
"269","grass7","GRASS","grass7:v.class","v.class","v.class"
"270","grass7","GRASS","grass7:v.clean","v.clean","v.clean"
"271","grass7","GRASS","grass7:v.cluster","v.cluster","v.cluster"
"272","grass7","GRASS","grass7:v.db.select","v.db.select","v.db.select"
"273","grass7","GRASS","grass7:v.decimate","v.decimate","v.decimate"
"274","grass7","GRASS","grass7:v.delaunay","v.delaunay","v.delaunay"
"275","grass7","GRASS","grass7:v.dissolve","v.dissolve","v.dissolve"
"276","grass7","GRASS","grass7:v.distance","v.distance","v.distance"
"277","grass7","GRASS","grass7:v.drape","v.drape","v.drape"
"278","grass7","GRASS","grass7:v.edit","v.edit","v.edit"
"279","grass7","GRASS","grass7:v.extract","v.extract","v.extract"
"280","grass7","GRASS","grass7:v.extrude","v.extrude","v.extrude"
"281","grass7","GRASS","grass7:v.generalize","v.generalize","v.generalize"
"282","grass7","GRASS","grass7:v.hull","v.hull","v.hull"
"283","grass7","GRASS","grass7:v.in.ascii","v.in.ascii","v.in.ascii"
"284","grass7","GRASS","grass7:v.in.dxf","v.in.dxf","v.in.dxf"
"285","grass7","GRASS","grass7:v.in.e00","v.in.e00","v.in.e00"
"286","grass7","GRASS","grass7:v.in.geonames","v.in.geonames","v.in.geonames"
"287","grass7","GRASS","grass7:v.in.lidar","v.in.lidar","v.in.lidar"
"288","grass7","GRASS","grass7:v.in.lines","v.in.lines","v.in.lines"
"289","grass7","GRASS","grass7:v.in.mapgen","v.in.mapgen","v.in.mapgen"
"290","grass7","GRASS","grass7:v.in.wfs","v.in.wfs","v.in.wfs"
"291","grass7","GRASS","grass7:v.info","v.info","v.info"
"292","grass7","GRASS","grass7:v.kcv","v.kcv","v.kcv"
"293","grass7","GRASS","grass7:v.kernel.rast","v.kernel.rast","v.kernel.rast"
"294","grass7","GRASS","grass7:v.kernel.vector","v.kernel.vector","v.kernel.vector"
"295","grass7","GRASS","grass7:v.lidar.correction","v.lidar.correction","v.lidar.correction"
"296","grass7","GRASS","grass7:v.lidar.edgedetection","v.lidar.edgedetection","v.lidar.edgedetection"
"297","grass7","GRASS","grass7:v.lidar.growing","v.lidar.growing","v.lidar.growing"
"298","grass7","GRASS","grass7:v.mkgrid","v.mkgrid","v.mkgrid"
"299","grass7","GRASS","grass7:v.neighbors","v.neighbors","v.neighbors"
"300","grass7","GRASS","grass7:v.net","v.net","v.net"
"301","grass7","GRASS","grass7:v.net.alloc","v.net.alloc","v.net.alloc"
"302","grass7","GRASS","grass7:v.net.allpairs","v.net.allpairs","v.net.allpairs"
"303","grass7","GRASS","grass7:v.net.bridge","v.net.bridge","v.net.bridge"
"304","grass7","GRASS","grass7:v.net.centrality","v.net.centrality","v.net.centrality"
"305","grass7","GRASS","grass7:v.net.components","v.net.components","v.net.components"
"306","grass7","GRASS","grass7:v.net.connectivity","v.net.connectivity","v.net.connectivity"
"307","grass7","GRASS","grass7:v.net.distance","v.net.distance","v.net.distance"
"308","grass7","GRASS","grass7:v.net.flow","v.net.flow","v.net.flow"
"309","grass7","GRASS","grass7:v.net.iso","v.net.iso","v.net.iso"
"310","grass7","GRASS","grass7:v.net.nreport","v.net.nreport","v.net.nreport"
"311","grass7","GRASS","grass7:v.net.path","v.net.path","v.net.path"
"312","grass7","GRASS","grass7:v.net.report","v.net.report","v.net.report"
"313","grass7","GRASS","grass7:v.net.salesman","v.net.salesman","v.net.salesman"
"314","grass7","GRASS","grass7:v.net.spanningtree","v.net.spanningtree","v.net.spanningtree"
"315","grass7","GRASS","grass7:v.net.steiner","v.net.steiner","v.net.steiner"
"316","grass7","GRASS","grass7:v.net.timetable","v.net.timetable","v.net.timetable"
"317","grass7","GRASS","grass7:v.net.visibility","v.net.visibility","v.net.visibility"
"318","grass7","GRASS","grass7:v.normal","v.normal","v.normal"
"319","grass7","GRASS","grass7:v.out.ascii","v.out.ascii","v.out.ascii"
"320","grass7","GRASS","grass7:v.out.dxf","v.out.dxf","v.out.dxf"
"321","grass7","GRASS","grass7:v.out.postgis","v.out.postgis","v.out.postgis"
"322","grass7","GRASS","grass7:v.out.pov","v.out.pov","v.out.pov"
"323","grass7","GRASS","grass7:v.out.svg","v.out.svg","v.out.svg"
"324","grass7","GRASS","grass7:v.out.vtk","v.out.vtk","v.out.vtk"
"325","grass7","GRASS","grass7:v.outlier","v.outlier","v.outlier"
"326","grass7","GRASS","grass7:v.overlay","v.overlay","v.overlay"
"327","grass7","GRASS","grass7:v.pack","v.pack","v.pack"
"328","grass7","GRASS","grass7:v.parallel","v.parallel","v.parallel"
"329","grass7","GRASS","grass7:v.patch","v.patch","v.patch"
"330","grass7","GRASS","grass7:v.perturb","v.perturb","v.perturb"
"331","grass7","GRASS","grass7:v.proj","v.proj","v.proj"
"332","grass7","GRASS","grass7:v.qcount","v.qcount","v.qcount"
"333","grass7","GRASS","grass7:v.random","v.random","v.random"
"334","grass7","GRASS","grass7:v.rast.stats","v.rast.stats","v.rast.stats"
"335","grass7","GRASS","grass7:v.reclass","v.reclass","v.reclass"
"336","grass7","GRASS","grass7:v.rectify","v.rectify","v.rectify"
"337","grass7","GRASS","grass7:v.report","v.report","v.report"
"338","grass7","GRASS","grass7:v.sample","v.sample","v.sample"
"339","grass7","GRASS","grass7:v.segment","v.segment","v.segment"
"340","grass7","GRASS","grass7:v.select","v.select","v.select"
"341","grass7","GRASS","grass7:v.split","v.split","v.split"
"342","grass7","GRASS","grass7:v.surf.bspline","v.surf.bspline","v.surf.bspline"
"343","grass7","GRASS","grass7:v.surf.idw","v.surf.idw","v.surf.idw"
"344","grass7","GRASS","grass7:v.surf.rst","v.surf.rst","v.surf.rst"
"345","grass7","GRASS","grass7:v.surf.rst.cvdev","v.surf.rst.cvdev","v.surf.rst.cvdev"
"346","grass7","GRASS","grass7:v.to.3d","v.to.3d","v.to.3d"
"347","grass7","GRASS","grass7:v.to.lines","v.to.lines","v.to.lines"
"348","grass7","GRASS","grass7:v.to.points","v.to.points","v.to.points"
"349","grass7","GRASS","grass7:v.to.rast","v.to.rast","v.to.rast"
"350","grass7","GRASS","grass7:v.transform","v.transform","v.transform"
"351","grass7","GRASS","grass7:v.type","v.type","v.type"
"352","grass7","GRASS","grass7:v.univar","v.univar","v.univar"
"353","grass7","GRASS","grass7:v.vect.stats","v.vect.stats","v.vect.stats"
"354","grass7","GRASS","grass7:v.voronoi","v.voronoi","v.voronoi"
"355","grass7","GRASS","grass7:v.voronoi.skeleton","v.voronoi.skeleton","v.voronoi.skeleton"
"356","grass7","GRASS","grass7:v.what.rast","v.what.rast","v.what.rast"
"357","grass7","GRASS","grass7:v.what.vect","v.what.vect","v.what.vect"
"358","native","QGIS (native c++)","native:addautoincrementalfield","addautoincrementalfield","Add autoincremental field"
"359","native","QGIS (native c++)","native:addfieldtoattributestable","addfieldtoattributestable","Add field to attributes table"
"360","native","QGIS (native c++)","native:adduniquevalueindexfield","adduniquevalueindexfield","Add unique value index field"
"361","native","QGIS (native c++)","native:addxyfields","addxyfields","Add X/Y fields to layer"
"362","native","QGIS (native c++)","native:affinetransform","affinetransform","Affine transform"
"363","native","QGIS (native c++)","native:aggregate","aggregate","Aggregate"
"364","native","QGIS (native c++)","native:antimeridiansplit","antimeridiansplit","Geodesic line split at antimeridian"
"365","native","QGIS (native c++)","native:arrayoffsetlines","arrayoffsetlines","Array of offset (parallel) lines"
"366","native","QGIS (native c++)","native:arraytranslatedfeatures","arraytranslatedfeatures","Array of translated features"
"367","native","QGIS (native c++)","native:aspect","aspect","Aspect"
"368","native","QGIS (native c++)","native:assignprojection","assignprojection","Assign projection"
"369","native","QGIS (native c++)","native:bookmarkstolayer","bookmarkstolayer","Convert spatial bookmarks to layer"
"370","native","QGIS (native c++)","native:boundary","boundary","Boundary"
"371","native","QGIS (native c++)","native:boundingboxes","boundingboxes","Bounding boxes"
"372","native","QGIS (native c++)","native:buffer","buffer","Buffer"
"373","native","QGIS (native c++)","native:bufferbym","bufferbym","Variable width buffer (by M value)"
"374","native","QGIS (native c++)","native:calculatevectoroverlaps","calculatevectoroverlaps","Overlap analysis"
"375","native","QGIS (native c++)","native:categorizeusingstyle","categorizeusingstyle","Create categorized renderer from styles"
"376","native","QGIS (native c++)","native:centroids","centroids","Centroids"
"377","native","QGIS (native c++)","native:clip","clip","Clip"
"378","native","QGIS (native c++)","native:collect","collect","Collect geometries"
"379","native","QGIS (native c++)","native:combinestyles","combinestyles","Combine style databases"
"380","native","QGIS (native c++)","native:condition","condition","Conditional branch"
"381","native","QGIS (native c++)","native:converttocurves","converttocurves","Convert to curved geometries"
"382","native","QGIS (native c++)","native:convexhull","convexhull","Convex hull"
"383","native","QGIS (native c++)","native:countpointsinpolygon","countpointsinpolygon","Count points in polygon"
"384","native","QGIS (native c++)","native:createattributeindex","createattributeindex","Create attribute index"
"385","native","QGIS (native c++)","native:createconstantrasterlayer","createconstantrasterlayer","Create constant raster layer"
"386","native","QGIS (native c++)","native:creategrid","creategrid","Create grid"
"387","native","QGIS (native c++)","native:createpointslayerfromtable","createpointslayerfromtable","Create points layer from table"
"388","native","QGIS (native c++)","native:createrandombinomialrasterlayer","createrandombinomialrasterlayer","Create random raster layer (binomial distribution)"
"389","native","QGIS (native c++)","native:createrandomexponentialrasterlayer","createrandomexponentialrasterlayer","Create random raster layer (exponential distribution)"
"390","native","QGIS (native c++)","native:createrandomgammarasterlayer","createrandomgammarasterlayer","Create random raster layer (gamma distribution)"
"391","native","QGIS (native c++)","native:createrandomgeometricrasterlayer","createrandomgeometricrasterlayer","Create random raster layer (geometric distribution)"
"392","native","QGIS (native c++)","native:createrandomnegativebinomialrasterlayer","createrandomnegativebinomialrasterlayer","Create random raster layer (negative binomial distribution)"
"393","native","QGIS (native c++)","native:createrandomnormalrasterlayer","createrandomnormalrasterlayer","Create random raster layer (normal distribution)"
"394","native","QGIS (native c++)","native:createrandompoissonrasterlayer","createrandompoissonrasterlayer","Create random raster layer (poisson distribution)"
"395","native","QGIS (native c++)","native:createrandomuniformrasterlayer","createrandomuniformrasterlayer","Create random raster layer (uniform distribution)"
"396","native","QGIS (native c++)","native:createspatialindex","createspatialindex","Create spatial index"
"397","native","QGIS (native c++)","native:dbscanclustering","dbscanclustering","DBSCAN clustering"
"398","native","QGIS (native c++)","native:deleteduplicategeometries","deleteduplicategeometries","Delete duplicate geometries"
"399","native","QGIS (native c++)","native:deleteholes","deleteholes","Delete holes"
"400","native","QGIS (native c++)","native:densifygeometries","densifygeometries","Densify by count"
"401","native","QGIS (native c++)","native:densifygeometriesgivenaninterval","densifygeometriesgivenaninterval","Densify by interval"
"402","native","QGIS (native c++)","native:detectvectorchanges","detectvectorchanges","Detect dataset changes"
"403","native","QGIS (native c++)","native:difference","difference","Difference"
"404","native","QGIS (native c++)","native:dissolve","dissolve","Dissolve"
"405","native","QGIS (native c++)","native:dropgeometries","dropgeometries","Drop geometries"
"406","native","QGIS (native c++)","native:dropmzvalues","dropmzvalues","Drop M/Z values"
"407","native","QGIS (native c++)","native:explodehstorefield","explodehstorefield","Explode HStore Field"
"408","native","QGIS (native c++)","native:explodelines","explodelines","Explode lines"
"409","native","QGIS (native c++)","native:extendlines","extendlines","Extend lines"
"410","native","QGIS (native c++)","native:extenttolayer","extenttolayer","Create layer from extent"
"411","native","QGIS (native c++)","native:extractbinary","extractbinary","Extract binary field"
"412","native","QGIS (native c++)","native:extractbyattribute","extractbyattribute","Extract by attribute"
"413","native","QGIS (native c++)","native:extractbyexpression","extractbyexpression","Extract by expression"
"414","native","QGIS (native c++)","native:extractbyextent","extractbyextent","Extract/clip by extent"
"415","native","QGIS (native c++)","native:extractbylocation","extractbylocation","Extract by location"
"416","native","QGIS (native c++)","native:extractmvalues","extractmvalues","Extract M values"
"417","native","QGIS (native c++)","native:extractspecificvertices","extractspecificvertices","Extract specific vertices"
"418","native","QGIS (native c++)","native:extractvertices","extractvertices","Extract vertices"
"419","native","QGIS (native c++)","native:extractzvalues","extractzvalues","Extract Z values"
"420","native","QGIS (native c++)","native:filedownloader","filedownloader","Download file"
"421","native","QGIS (native c++)","native:fillnodata","fillnodata","Fill NoData cells"
"422","native","QGIS (native c++)","native:filter","filter","Feature filter"
"423","native","QGIS (native c++)","native:filterbygeometry","filterbygeometry","Filter by geometry type"
"424","native","QGIS (native c++)","native:filterlayersbytype","filterlayersbytype","Filter layers by type"
"425","native","QGIS (native c++)","native:filterverticesbym","filterverticesbym","Filter vertices by M value"
"426","native","QGIS (native c++)","native:filterverticesbyz","filterverticesbyz","Filter vertices by Z value"
"427","native","QGIS (native c++)","native:fixgeometries","fixgeometries","Fix geometries"
"428","native","QGIS (native c++)","native:forcerhr","forcerhr","Force right-hand-rule"
"429","native","QGIS (native c++)","native:fuzzifyrastergaussianmembership","fuzzifyrastergaussianmembership","Fuzzify raster (gaussian membership)"
"430","native","QGIS (native c++)","native:fuzzifyrasterlargemembership","fuzzifyrasterlargemembership","Fuzzify raster (large membership)"
"431","native","QGIS (native c++)","native:fuzzifyrasterlinearmembership","fuzzifyrasterlinearmembership","Fuzzify raster (linear membership)"
"432","native","QGIS (native c++)","native:fuzzifyrasternearmembership","fuzzifyrasternearmembership","Fuzzify raster (near membership)"
"433","native","QGIS (native c++)","native:fuzzifyrasterpowermembership","fuzzifyrasterpowermembership","Fuzzify raster (power membership)"
"434","native","QGIS (native c++)","native:fuzzifyrastersmallmembership","fuzzifyrastersmallmembership","Fuzzify raster (small membership)"
"435","native","QGIS (native c++)","native:generatepointspixelcentroidsinsidepolygons","generatepointspixelcentroidsinsidepolygons","Generate points (pixel centroids) inside polygons"
"436","native","QGIS (native c++)","native:geometrybyexpression","geometrybyexpression","Geometry by expression"
"437","native","QGIS (native c++)","native:hillshade","hillshade","Hillshade"
"438","native","QGIS (native c++)","native:hublines","hublines","Join by lines (hub lines)"
"439","native","QGIS (native c++)","native:importphotos","importphotos","Import geotagged photos"
"440","native","QGIS (native c++)","native:interpolatepoint","interpolatepoint","Interpolate point on line"
"441","native","QGIS (native c++)","native:intersection","intersection","Intersection"
"442","native","QGIS (native c++)","native:joinattributesbylocation","joinattributesbylocation","Join attributes by location"
"443","native","QGIS (native c++)","native:joinattributestable","joinattributestable","Join attributes by field value"
"444","native","QGIS (native c++)","native:joinbynearest","joinbynearest","Join attributes by nearest"
"445","native","QGIS (native c++)","native:kmeansclustering","kmeansclustering","K-means clustering"
"446","native","QGIS (native c++)","native:layertobookmarks","layertobookmarks","Convert layer to spatial bookmarks"
"447","native","QGIS (native c++)","native:linedensity","linedensity","Line density"
"448","native","QGIS (native c++)","native:lineintersections","lineintersections","Line intersections"
"449","native","QGIS (native c++)","native:linesubstring","linesubstring","Line substring"
"450","native","QGIS (native c++)","native:loadlayer","loadlayer","Load layer into project"
"451","native","QGIS (native c++)","native:meancoordinates","meancoordinates","Mean coordinate(s)"
"452","native","QGIS (native c++)","native:mergelines","mergelines","Merge lines"
"453","native","QGIS (native c++)","native:mergevectorlayers","mergevectorlayers","Merge vector layers"
"454","native","QGIS (native c++)","native:minimumenclosingcircle","minimumenclosingcircle","Minimum enclosing circles"
"455","native","QGIS (native c++)","native:multiparttosingleparts","multiparttosingleparts","Multipart to singleparts"
"456","native","QGIS (native c++)","native:multiringconstantbuffer","multiringconstantbuffer","Multi-ring buffer (constant distance)"
"457","native","QGIS (native c++)","native:nearestneighbouranalysis","nearestneighbouranalysis","Nearest neighbour analysis"
"458","native","QGIS (native c++)","native:offsetline","offsetline","Offset lines"
"459","native","QGIS (native c++)","native:orderbyexpression","orderbyexpression","Order by expression"
"460","native","QGIS (native c++)","native:orientedminimumboundingbox","orientedminimumboundingbox","Oriented minimum bounding box"
"461","native","QGIS (native c++)","native:orthogonalize","orthogonalize","Orthogonalize"
"462","native","QGIS (native c++)","native:package","package","Package layers"
"463","native","QGIS (native c++)","native:pixelstopoints","pixelstopoints","Raster pixels to points"
"464","native","QGIS (native c++)","native:pixelstopolygons","pixelstopolygons","Raster pixels to polygons"
"465","native","QGIS (native c++)","native:pointonsurface","pointonsurface","Point on surface"
"466","native","QGIS (native c++)","native:pointsalonglines","pointsalonglines","Points along geometry"
"467","native","QGIS (native c++)","native:pointtolayer","pointtolayer","Create layer from point"
"468","native","QGIS (native c++)","native:poleofinaccessibility","poleofinaccessibility","Pole of inaccessibility"
"469","native","QGIS (native c++)","native:polygonfromlayerextent","polygonfromlayerextent","Extract layer extent"
"470","native","QGIS (native c++)","native:polygonize","polygonize","Polygonize"
"471","native","QGIS (native c++)","native:polygonstolines","polygonstolines","Polygons to lines"
"472","native","QGIS (native c++)","native:postgisexecutesql","postgisexecutesql","PostgreSQL execute SQL"
"473","native","QGIS (native c++)","native:printlayoutmapextenttolayer","printlayoutmapextenttolayer","Print layout map extent to layer"
"474","native","QGIS (native c++)","native:projectpointcartesian","projectpointcartesian","Project points (Cartesian)"
"475","native","QGIS (native c++)","native:promotetomulti","promotetomulti","Promote to multipart"
"476","native","QGIS (native c++)","native:raiseexception","raiseexception","Raise exception"
"477","native","QGIS (native c++)","native:raisewarning","raisewarning","Raise warning"
"478","native","QGIS (native c++)","native:randomextract","randomextract","Random extract"
"479","native","QGIS (native c++)","native:randompointsinextent","randompointsinextent","Random points in extent"
"480","native","QGIS (native c++)","native:randompointsonlines","randompointsonlines","Random points on lines"
"481","native","QGIS (native c++)","native:rasterbooleanand","rasterbooleanand","Raster boolean AND"
"482","native","QGIS (native c++)","native:rasterize","rasterize","Convert map to raster"
"483","native","QGIS (native c++)","native:rasterlayerstatistics","rasterlayerstatistics","Raster layer statistics"
"484","native","QGIS (native c++)","native:rasterlayeruniquevaluesreport","rasterlayeruniquevaluesreport","Raster layer unique values report"
"485","native","QGIS (native c++)","native:rasterlayerzonalstats","rasterlayerzonalstats","Raster layer zonal statistics"
"486","native","QGIS (native c++)","native:rasterlogicalor","rasterlogicalor","Raster boolean OR"
"487","native","QGIS (native c++)","native:rastersurfacevolume","rastersurfacevolume","Raster surface volume"
"488","native","QGIS (native c++)","native:reclassifybylayer","reclassifybylayer","Reclassify by layer"
"489","native","QGIS (native c++)","native:reclassifybytable","reclassifybytable","Reclassify by table"
"490","native","QGIS (native c++)","native:rectanglesovalsdiamonds","rectanglesovalsdiamonds","Rectangles, ovals, diamonds"
"491","native","QGIS (native c++)","native:refactorfields","refactorfields","Refactor fields"
"492","native","QGIS (native c++)","native:removeduplicatesbyattribute","removeduplicatesbyattribute","Delete duplicates by attribute"
"493","native","QGIS (native c++)","native:removeduplicatevertices","removeduplicatevertices","Remove duplicate vertices"
"494","native","QGIS (native c++)","native:removenullgeometries","removenullgeometries","Remove null geometries"
"495","native","QGIS (native c++)","native:renamelayer","renamelayer","Rename layer"
"496","native","QGIS (native c++)","native:renametablefield","renametablefield","Rename field"
"497","native","QGIS (native c++)","native:repairshapefile","repairshapefile","Repair Shapefile"
"498","native","QGIS (native c++)","native:reprojectlayer","reprojectlayer","Reproject layer"
"499","native","QGIS (native c++)","native:reverselinedirection","reverselinedirection","Reverse line direction"
"500","native","QGIS (native c++)","native:rotatefeatures","rotatefeatures","Rotate"
"501","native","QGIS (native c++)","native:roundrastervalues","roundrastervalues","Round raster"
"502","native","QGIS (native c++)","native:ruggednessindex","ruggednessindex","Ruggedness index"
"503","native","QGIS (native c++)","native:savelog","savelog","Save log to file"
"504","native","QGIS (native c++)","native:saveselectedfeatures","saveselectedfeatures","Extract selected features"
"505","native","QGIS (native c++)","native:segmentizebymaxangle","segmentizebymaxangle","Segmentize by maximum angle"
"506","native","QGIS (native c++)","native:segmentizebymaxdistance","segmentizebymaxdistance","Segmentize by maximum distance"
"507","native","QGIS (native c++)","native:selectbylocation","selectbylocation","Select by location"
"508","native","QGIS (native c++)","native:serviceareafromlayer","serviceareafromlayer","Service area (from layer)"
"509","native","QGIS (native c++)","native:serviceareafrompoint","serviceareafrompoint","Service area (from point)"
"510","native","QGIS (native c++)","native:setlayerencoding","setlayerencoding","Set layer encoding"
"511","native","QGIS (native c++)","native:setlayerstyle","setlayerstyle","Set layer style"
"512","native","QGIS (native c++)","native:setmfromraster","setmfromraster","Set M value from raster"
"513","native","QGIS (native c++)","native:setmvalue","setmvalue","Set M value"
"514","native","QGIS (native c++)","native:setzfromraster","setzfromraster","Drape (set Z value from raster)"
"515","native","QGIS (native c++)","native:setzvalue","setzvalue","Set Z value"
"516","native","QGIS (native c++)","native:shortestpathlayertopoint","shortestpathlayertopoint","Shortest path (layer to point)"
"517","native","QGIS (native c++)","native:shortestpathpointtolayer","shortestpathpointtolayer","Shortest path (point to layer)"
"518","native","QGIS (native c++)","native:shortestpathpointtopoint","shortestpathpointtopoint","Shortest path (point to point)"
"519","native","QGIS (native c++)","native:shpencodinginfo","shpencodinginfo","Extract Shapefile encoding"
"520","native","QGIS (native c++)","native:simplifygeometries","simplifygeometries","Simplify"
"521","native","QGIS (native c++)","native:singlesidedbuffer","singlesidedbuffer","Single sided buffer"
"522","native","QGIS (native c++)","native:slope","slope","Slope"
"523","native","QGIS (native c++)","native:smoothgeometry","smoothgeometry","Smooth"
"524","native","QGIS (native c++)","native:snapgeometries","snapgeometries","Snap geometries to layer"
"525","native","QGIS (native c++)","native:snappointstogrid","snappointstogrid","Snap points to grid"
"526","native","QGIS (native c++)","native:spatialiteexecutesql","spatialiteexecutesql","SpatiaLite execute SQL"
"527","native","QGIS (native c++)","native:spatialiteexecutesqlregistered","spatialiteexecutesqlregistered","SpatiaLite execute SQL (registered DB)"
"528","native","QGIS (native c++)","native:splitfeaturesbycharacter","splitfeaturesbycharacter","Split features by character"
"529","native","QGIS (native c++)","native:splitlinesbylength","splitlinesbylength","Split lines by maximum length"
"530","native","QGIS (native c++)","native:splitvectorlayer","splitvectorlayer","Split vector layer"
"531","native","QGIS (native c++)","native:splitwithlines","splitwithlines","Split with lines"
"532","native","QGIS (native c++)","native:stringconcatenation","stringconcatenation","String concatenation"
"533","native","QGIS (native c++)","native:stylefromproject","stylefromproject","Create style database from project"
"534","native","QGIS (native c++)","native:subdivide","subdivide","Subdivide"
"535","native","QGIS (native c++)","native:sumlinelengths","sumlinelengths","Sum line lengths"
"536","native","QGIS (native c++)","native:swapxy","swapxy","Swap X and Y coordinates"
"537","native","QGIS (native c++)","native:symmetricaldifference","symmetricaldifference","Symmetrical difference"
"538","native","QGIS (native c++)","native:taperedbuffer","taperedbuffer","Tapered buffers"
"539","native","QGIS (native c++)","native:transect","transect","Transect"
"540","native","QGIS (native c++)","native:translategeometry","translategeometry","Translate"
"541","native","QGIS (native c++)","native:truncatetable","truncatetable","Truncate table"
"542","native","QGIS (native c++)","native:union","union","Union"
"543","native","QGIS (native c++)","native:wedgebuffers","wedgebuffers","Create wedge buffers"
"544","native","QGIS (native c++)","native:writevectortiles_mbtiles","writevectortiles_mbtiles","Write Vector Tiles (MBTiles)"
"545","native","QGIS (native c++)","native:writevectortiles_xyz","writevectortiles_xyz","Write Vector Tiles (XYZ)"
"546","native","QGIS (native c++)","native:zonalhistogram","zonalhistogram","Zonal histogram"
"547","native","QGIS (native c++)","native:zonalstatistics","zonalstatistics","Zonal statistics"
"548","qgis","QGIS","qgis:advancedpythonfieldcalculator","advancedpythonfieldcalculator","Advanced Python field calculator"
"549","qgis","QGIS","qgis:barplot","barplot","Bar plot"
"550","qgis","QGIS","qgis:basicstatisticsforfields","basicstatisticsforfields","Basic statistics for fields"
"551","qgis","QGIS","qgis:boxplot","boxplot","Box plot"
"552","qgis","QGIS","qgis:checkvalidity","checkvalidity","Check validity"
"553","qgis","QGIS","qgis:climbalongline","climbalongline","Climb Along Line"
"554","qgis","QGIS","qgis:concavehull","concavehull","Concave hull (alpha shapes)"
"555","qgis","QGIS","qgis:convertgeometrytype","convertgeometrytype","Convert geometry type"
"556","qgis","QGIS","qgis:definecurrentprojection","definecurrentprojection","Define Shapefile projection"
"557","qgis","QGIS","qgis:delaunaytriangulation","delaunaytriangulation","Delaunay triangulation"
"558","qgis","QGIS","qgis:deletecolumn","deletecolumn","Drop field(s)"
"559","qgis","QGIS","qgis:distancematrix","distancematrix","Distance matrix"
"560","qgis","QGIS","qgis:distancetonearesthublinetohub","distancetonearesthublinetohub","Distance to nearest hub (line to hub)"
"561","qgis","QGIS","qgis:distancetonearesthubpoints","distancetonearesthubpoints","Distance to nearest hub (points)"
"562","qgis","QGIS","qgis:eliminateselectedpolygons","eliminateselectedpolygons","Eliminate selected polygons"
"563","qgis","QGIS","qgis:executesql","executesql","Execute SQL"
"564","qgis","QGIS","qgis:exportaddgeometrycolumns","exportaddgeometrycolumns","Add geometry attributes"
"565","qgis","QGIS","qgis:fieldcalculator","fieldcalculator","Field calculator"
"566","qgis","QGIS","qgis:findprojection","findprojection","Find projection"
"567","qgis","QGIS","qgis:generatepointspixelcentroidsalongline","generatepointspixelcentroidsalongline","Generate points (pixel centroids) along line"
"568","qgis","QGIS","qgis:heatmapkerneldensityestimation","heatmapkerneldensityestimation","Heatmap (Kernel Density Estimation)"
"569","qgis","QGIS","qgis:hypsometriccurves","hypsometriccurves","Hypsometric curves"
"570","qgis","QGIS","qgis:idwinterpolation","idwinterpolation","IDW interpolation"
"571","qgis","QGIS","qgis:importintopostgis","importintopostgis","Export to PostgreSQL"
"572","qgis","QGIS","qgis:importintospatialite","importintospatialite","Export to SpatiaLite"
"573","qgis","QGIS","qgis:joinbylocationsummary","joinbylocationsummary","Join attributes by location (summary)"
"574","qgis","QGIS","qgis:keepnbiggestparts","keepnbiggestparts","Keep N biggest parts"
"575","qgis","QGIS","qgis:knearestconcavehull","knearestconcavehull","Concave hull (k-nearest neighbor)"
"576","qgis","QGIS","qgis:linestopolygons","linestopolygons","Lines to polygons"
"577","qgis","QGIS","qgis:listuniquevalues","listuniquevalues","List unique values"
"578","qgis","QGIS","qgis:meanandstandarddeviationplot","meanandstandarddeviationplot","Mean and standard deviation plot"
"579","qgis","QGIS","qgis:minimumboundinggeometry","minimumboundinggeometry","Minimum bounding geometry"
"580","qgis","QGIS","qgis:pointsdisplacement","pointsdisplacement","Points displacement"
"581","qgis","QGIS","qgis:pointstopath","pointstopath","Points to path"
"582","qgis","QGIS","qgis:polarplot","polarplot","Polar plot"
"583","qgis","QGIS","qgis:postgisexecuteandloadsql","postgisexecuteandloadsql","PostgreSQL execute and load SQL"
"584","qgis","QGIS","qgis:randomextractwithinsubsets","randomextractwithinsubsets","Random extract within subsets"
"585","qgis","QGIS","qgis:randompointsalongline","randompointsalongline","Random points along line"
"586","qgis","QGIS","qgis:randompointsinlayerbounds","randompointsinlayerbounds","Random points in layer bounds"
"587","qgis","QGIS","qgis:randompointsinsidepolygons","randompointsinsidepolygons","Random points inside polygons"
"588","qgis","QGIS","qgis:randomselection","randomselection","Random selection"
"589","qgis","QGIS","qgis:randomselectionwithinsubsets","randomselectionwithinsubsets","Random selection within subsets"
"590","qgis","QGIS","qgis:rastercalculator","rastercalculator","Raster calculator"
"591","qgis","QGIS","qgis:rasterlayerhistogram","rasterlayerhistogram","Raster layer histogram"
"592","qgis","QGIS","qgis:rastersampling","rastersampling","Sample raster values"
"593","qgis","QGIS","qgis:rectanglesovalsdiamondsvariable","rectanglesovalsdiamondsvariable","Rectangles, ovals, diamonds (variable)"
"594","qgis","QGIS","qgis:regularpoints","regularpoints","Regular points"
"595","qgis","QGIS","qgis:relief","relief","Relief"
"596","qgis","QGIS","qgis:scatter3dplot","scatter3dplot","Vector layer scatterplot 3D"
"597","qgis","QGIS","qgis:selectbyattribute","selectbyattribute","Select by attribute"
"598","qgis","QGIS","qgis:selectbyexpression","selectbyexpression","Select by expression"
"599","qgis","QGIS","qgis:setstyleforrasterlayer","setstyleforrasterlayer","Set style for raster layer"
"600","qgis","QGIS","qgis:setstyleforvectorlayer","setstyleforvectorlayer","Set style for vector layer"
"601","qgis","QGIS","qgis:statisticsbycategories","statisticsbycategories","Statistics by categories"
"602","qgis","QGIS","qgis:texttofloat","texttofloat","Text to float"
"603","qgis","QGIS","qgis:tilesxyzdirectory","tilesxyzdirectory","Generate XYZ tiles (Directory)"
"604","qgis","QGIS","qgis:tilesxyzmbtiles","tilesxyzmbtiles","Generate XYZ tiles (MBTiles)"
"605","qgis","QGIS","qgis:tininterpolation","tininterpolation","TIN interpolation"
"606","qgis","QGIS","qgis:topologicalcoloring","topologicalcoloring","Topological coloring"
"607","qgis","QGIS","qgis:variabledistancebuffer","variabledistancebuffer","Variable distance buffer"
"608","qgis","QGIS","qgis:vectorlayerhistogram","vectorlayerhistogram","Vector layer histogram"
"609","qgis","QGIS","qgis:vectorlayerscatterplot","vectorlayerscatterplot","Vector layer scatterplot"
"610","qgis","QGIS","qgis:voronoipolygons","voronoipolygons","Voronoi polygons"
"611","saga","SAGA","saga:accumulatedcost","accumulatedcost","Accumulated cost"
"612","saga","SAGA","saga:accumulatedcostanisotropic","accumulatedcostanisotropic","Accumulated cost (anisotropic)"
"613","saga","SAGA","saga:accumulatedcostisotropic","accumulatedcostisotropic","Accumulated cost (isotropic)"
"614","saga","SAGA","saga:accumulationfunctions","accumulationfunctions","Accumulation functions"
"615","saga","SAGA","saga:addcoordinatestopoints","addcoordinatestopoints","Add coordinates to points"
"616","saga","SAGA","saga:addindicatorfieldsforcategories","addindicatorfieldsforcategories","Add indicator fields for categories"
"617","saga","SAGA","saga:addpointattributestopolygons","addpointattributestopolygons","Add point attributes to polygons"
"618","saga","SAGA","saga:addpolygonattributestopoints","addpolygonattributestopoints","Add polygon attributes to points"
"619","saga","SAGA","saga:addrastervaluestofeatures","addrastervaluestofeatures","Add raster values to features"
"620","saga","SAGA","saga:addrastervaluestopoints","addrastervaluestopoints","Add raster values to points"
"621","saga","SAGA","saga:aggregate","aggregate","Aggregate"
"622","saga","SAGA","saga:aggregatepointobservations","aggregatepointobservations","Aggregate point observations"
"623","saga","SAGA","saga:aggregationindex","aggregationindex","Aggregation index"
"624","saga","SAGA","saga:analyticalhierarchyprocess","analyticalhierarchyprocess","Analytical hierarchy process"
"625","saga","SAGA","saga:analyticalhillshading","analyticalhillshading","Analytical hillshading"
"626","saga","SAGA","saga:angmap","angmap","Angmap"
"627","saga","SAGA","saga:angulardistanceweighted","angulardistanceweighted","Angular distance weighted"
"628","saga","SAGA","saga:artificialneuralnetworkclassificationopencv","artificialneuralnetworkclassificationopencv","Artificial neural network classification (opencv)"
"629","saga","SAGA","saga:aspectslopegrid","aspectslopegrid","Aspect-slope grid"
"630","saga","SAGA","saga:automatedcloudcoverassessment","automatedcloudcoverassessment","Automated cloud cover assessment"
"631","saga","SAGA","saga:averagewithmask1","averagewithmask1","Average with mask 1"
"632","saga","SAGA","saga:averagewithmask2","averagewithmask2","Average with mask 2"
"633","saga","SAGA","saga:averagewiththereshold1","averagewiththereshold1","Average with thereshold 1"
"634","saga","SAGA","saga:averagewiththereshold2","averagewiththereshold2","Average with thereshold 2"
"635","saga","SAGA","saga:averagewiththereshold3","averagewiththereshold3","Average with thereshold 3"
"636","saga","SAGA","saga:basicterrainanalysis","basicterrainanalysis","Basic terrain analysis"
"637","saga","SAGA","saga:binaryerosionreconstruction","binaryerosionreconstruction","Binary erosion-reconstruction"
"638","saga","SAGA","saga:bioclimaticvariables","bioclimaticvariables","Bioclimatic variables"
"639","saga","SAGA","saga:boostingclassificationopencv","boostingclassificationopencv","Boosting classification (opencv)"
"640","saga","SAGA","saga:bsplineapproximation","bsplineapproximation","B-spline approximation"
"641","saga","SAGA","saga:burnstreamnetworkintodem","burnstreamnetworkintodem","Burn stream network into dem"
"642","saga","SAGA","saga:catchmentarea","catchmentarea","Catchment area"
"643","saga","SAGA","saga:catchmentareaflowtracing","catchmentareaflowtracing","Catchment area (flow tracing)"
"644","saga","SAGA","saga:catchmentarearecursive","catchmentarearecursive","Catchment area (recursive)"
"645","saga","SAGA","saga:categoricalcoincidence","categoricalcoincidence","Categorical coincidence"
"646","saga","SAGA","saga:cellbalance","cellbalance","Cell balance"
"647","saga","SAGA","saga:changedatastorage","changedatastorage","Change data storage"
"648","saga","SAGA","saga:changedateformat","changedateformat","Change date format"
"649","saga","SAGA","saga:changedetection","changedetection","Change detection"
"650","saga","SAGA","saga:changetimeformat","changetimeformat","Change time format"
"651","saga","SAGA","saga:channelnetwork","channelnetwork","Channel network"
"652","saga","SAGA","saga:channelnetworkanddrainagebasins","channelnetworkanddrainagebasins","Channel network and drainage basins"
"653","saga","SAGA","saga:clippointswithpolygons","clippointswithpolygons","Clip points with polygons"
"654","saga","SAGA","saga:cliprasterwithpolygon","cliprasterwithpolygon","Clip raster with polygon"
"655","saga","SAGA","saga:closegaps","closegaps","Close gaps"
"656","saga","SAGA","saga:closegapswithspline","closegapswithspline","Close gaps with spline"
"657","saga","SAGA","saga:closegapswithstepwiseresampling","closegapswithstepwiseresampling","Close gaps with stepwise resampling"
"658","saga","SAGA","saga:closeonecellgaps","closeonecellgaps","Close one cell gaps"
"659","saga","SAGA","saga:clusteranalysis","clusteranalysis","Cluster analysis"
"660","saga","SAGA","saga:clusteranalysisshapes","clusteranalysisshapes","Cluster analysis (shapes)"
"661","saga","SAGA","saga:concentration","concentration","Concentration"
"662","saga","SAGA","saga:confusionmatrixpolygonsgrid","confusionmatrixpolygonsgrid","Confusion matrix (polygons / grid)"
"663","saga","SAGA","saga:confusionmatrixtwogrids","confusionmatrixtwogrids","Confusion matrix (two grids)"
"664","saga","SAGA","saga:connectivityanalysis","connectivityanalysis","Connectivity analysis"
"665","saga","SAGA","saga:constantgrid","constantgrid","Constant grid"
"666","saga","SAGA","saga:contourlines","contourlines","Contour lines"
"667","saga","SAGA","saga:convergenceindex","convergenceindex","Convergence index"
"668","saga","SAGA","saga:convergenceindexsearchradius","convergenceindexsearchradius","Convergence index (search radius)"
"669","saga","SAGA","saga:convertdatastoragetype","convertdatastoragetype","Convert data storage type"
"670","saga","SAGA","saga:convertlinestopoints","convertlinestopoints","Convert lines to points"
"671","saga","SAGA","saga:convertlinestopolygons","convertlinestopolygons","Convert lines to polygons"
"672","saga","SAGA","saga:convertmultipointstopoints","convertmultipointstopoints","Convert multipoints to points"
"673","saga","SAGA","saga:convertpointstolines","convertpointstolines","Convert points to line(s)"
"674","saga","SAGA","saga:convertpolygonlineverticestopoints","convertpolygonlineverticestopoints","Convert polygon/line vertices to points"
"675","saga","SAGA","saga:convertpolygonstolines","convertpolygonstolines","Convert polygons to lines"
"676","saga","SAGA","saga:convexhull","convexhull","Convex hull"
"677","saga","SAGA","saga:covereddistance","covereddistance","Covered distance"
"678","saga","SAGA","saga:createlinesgraticule","createlinesgraticule","Create lines graticule"
"679","saga","SAGA","saga:createpointgrid","createpointgrid","Create point grid"
"680","saga","SAGA","saga:createpolygonsgraticule","createpolygonsgraticule","Create polygons graticule"
"681","saga","SAGA","saga:croptodata","croptodata","Crop to data"
"682","saga","SAGA","saga:crossclassificationandtabulation","crossclassificationandtabulation","Cross-classification and tabulation"
"683","saga","SAGA","saga:crossprofiles","crossprofiles","Cross profiles"
"684","saga","SAGA","saga:curvatureclassification","curvatureclassification","Curvature classification"
"685","saga","SAGA","saga:cutvectorlayer","cutvectorlayer","Cut vector layer"
"686","saga","SAGA","saga:decisiontreeclassificationopencv","decisiontreeclassificationopencv","Decision tree classification (opencv)"
"687","saga","SAGA","saga:destriping","destriping","Destriping"
"688","saga","SAGA","saga:destripingwithmask","destripingwithmask","Destriping with mask"
"689","saga","SAGA","saga:difference","difference","Difference"
"690","saga","SAGA","saga:diffusepollutionrisk","diffusepollutionrisk","Diffuse pollution risk"
"691","saga","SAGA","saga:diffusivehillslopeevolutionadi","diffusivehillslopeevolutionadi","Diffusive hillslope evolution (adi)"
"692","saga","SAGA","saga:diffusivehillslopeevolutionftcs","diffusivehillslopeevolutionftcs","Diffusive hillslope evolution (ftcs)"
"693","saga","SAGA","saga:directionalaverage","directionalaverage","Directional average"
"694","saga","SAGA","saga:directionalstatisticsforrasterlayer","directionalstatisticsforrasterlayer","Directional statistics for raster layer"
"695","saga","SAGA","saga:distancevigra","distancevigra","Distance (vigra)"
"696","saga","SAGA","saga:diurnalanisotropicheating","diurnalanisotropicheating","Diurnal anisotropic heating"
"697","saga","SAGA","saga:diversityofcategories","diversityofcategories","Diversity of categories"
"698","saga","SAGA","saga:downslopedistancegradient","downslopedistancegradient","Downslope distance gradient"
"699","saga","SAGA","saga:dtmfilterslopebased","dtmfilterslopebased","Dtm filter (slope-based)"
"700","saga","SAGA","saga:earthsorbitalparameters","earthsorbitalparameters","Earth's orbital parameters"
"701","saga","SAGA","saga:edgecontamination","edgecontamination","Edge contamination"
"702","saga","SAGA","saga:edgedetectionvigra","edgedetectionvigra","Edge detection (vigra)"
"703","saga","SAGA","saga:effectiveairflowheights","effectiveairflowheights","Effective air flow heights"
"704","saga","SAGA","saga:enhancedvegetationindex","enhancedvegetationindex","Enhanced vegetation index"
"705","saga","SAGA","saga:enumeratetablefield","enumeratetablefield","Enumerate table field"
"706","saga","SAGA","saga:fastregiongrowingalgorithm","fastregiongrowingalgorithm","Fast region growing algorithm"
"707","saga","SAGA","saga:fastrepresentativeness","fastrepresentativeness","Fast representativeness"
"708","saga","SAGA","saga:featureextents","featureextents","Feature extents"
"709","saga","SAGA","saga:fieldstatistics","fieldstatistics","Field statistics"
"710","saga","SAGA","saga:fillgapsinrecords","fillgapsinrecords","Fill gaps in records"
"711","saga","SAGA","saga:fillsinks","fillsinks","Fill sinks"
"712","saga","SAGA","saga:fillsinksqmofesp","fillsinksqmofesp","Fill sinks (qm of esp)"
"713","saga","SAGA","saga:fillsinkswangliu","fillsinkswangliu","Fill sinks (wang & liu)"
"714","saga","SAGA","saga:fillsinksxxlwangliu","fillsinksxxlwangliu","Fill sinks xxl (wang & liu)"
"715","saga","SAGA","saga:findfieldofextremevalue","findfieldofextremevalue","Find field of extreme value"
"716","saga","SAGA","saga:fireriskanalysis","fireriskanalysis","Fire risk analysis"
"717","saga","SAGA","saga:fitnpointsinpolygon","fitnpointsinpolygon","Fit n points in polygon"
"718","saga","SAGA","saga:fixeddistancebuffer","fixeddistancebuffer","Fixed distance buffer"
"719","saga","SAGA","saga:flatdetection","flatdetection","Flat detection"
"720","saga","SAGA","saga:flattenpolygonlayer","flattenpolygonlayer","Flatten polygon layer"
"721","saga","SAGA","saga:flowaccumulationqmofesp","flowaccumulationqmofesp","Flow accumulation (qm of esp)"
"722","saga","SAGA","saga:flowpathlength","flowpathlength","Flow path length"
"723","saga","SAGA","saga:flowwidthandspecificcatchmentarea","flowwidthandspecificcatchmentarea","Flow width and specific catchment area"
"724","saga","SAGA","saga:fourierfiltervigra","fourierfiltervigra","Fourier filter (vigra)"
"725","saga","SAGA","saga:fouriertransformationopencv","fouriertransformationopencv","Fourier transformation (opencv)"
"726","saga","SAGA","saga:fouriertransforminversevigra","fouriertransforminversevigra","Fourier transform inverse (vigra)"
"727","saga","SAGA","saga:fouriertransformrealvigra","fouriertransformrealvigra","Fourier transform (real, vigra)"
"728","saga","SAGA","saga:fouriertransformvigra","fouriertransformvigra","Fourier transform (vigra)"
"729","saga","SAGA","saga:fragmentationalternative","fragmentationalternative","Fragmentation (alternative)"
"730","saga","SAGA","saga:fragmentationclassesfromdensityandconnectivity","fragmentationclassesfromdensityandconnectivity","Fragmentation classes from density and connectivity"
"731","saga","SAGA","saga:fragmentationstandard","fragmentationstandard","Fragmentation (standard)"
"732","saga","SAGA","saga:function","function","Function"
"733","saga","SAGA","saga:functionfit","functionfit","Function fit"
"734","saga","SAGA","saga:fuzzify","fuzzify","Fuzzify"
"735","saga","SAGA","saga:fuzzyintersectionand","fuzzyintersectionand","Fuzzy intersection (and)"
"736","saga","SAGA","saga:fuzzylandformelementclassification","fuzzylandformelementclassification","Fuzzy landform element classification"
"737","saga","SAGA","saga:fuzzyunionor","fuzzyunionor","Fuzzy union (or)"
"738","saga","SAGA","saga:gaussianfilter","gaussianfilter","Gaussian filter"
"739","saga","SAGA","saga:generateshapes","generateshapes","Generate shapes"
"740","saga","SAGA","saga:geodesicmorphologicalreconstruction","geodesicmorphologicalreconstruction","Geodesic morphological reconstruction"
"741","saga","SAGA","saga:geographiccoordinategrids","geographiccoordinategrids","Geographic coordinate grids"
"742","saga","SAGA","saga:geometricfigures","geometricfigures","Geometric figures"
"743","saga","SAGA","saga:globalmoransiforrasterlayer","globalmoransiforrasterlayer","Global moran's i for raster layer"
"744","saga","SAGA","saga:gradientvectorfromcartesiantopolarcoordinates","gradientvectorfromcartesiantopolarcoordinates","Gradient vector from cartesian to polar coordinates"
"745","saga","SAGA","saga:gradientvectorfrompolartocartesiancoordinates","gradientvectorfrompolartocartesiancoordinates","Gradient vector from polar to cartesian coordinates"
"746","saga","SAGA","saga:gradientvectorsfromdirectionalcomponents","gradientvectorsfromdirectionalcomponents","Gradient vectors from directional components"
"747","saga","SAGA","saga:gradientvectorsfromdirectionandlength","gradientvectorsfromdirectionandlength","Gradient vectors from direction and length"
"748","saga","SAGA","saga:gradientvectorsfromsurface","gradientvectorsfromsurface","Gradient vectors from surface"
"749","saga","SAGA","saga:gridcombination","gridcombination","Gridcombination"
"750","saga","SAGA","saga:gridstatisticsforpoints","gridstatisticsforpoints","Grid statistics for points"
"751","saga","SAGA","saga:gwrformultiplepredictorlayers","gwrformultiplepredictorlayers","Gwr for multiple predictor layers"
"752","saga","SAGA","saga:gwrformultiplepredictors","gwrformultiplepredictors","Gwr for multiple predictors"
"753","saga","SAGA","saga:gwrformultiplepredictorsgriddedmodeloutput","gwrformultiplepredictorsgriddedmodeloutput","Gwr for multiple predictors (gridded model output)"
"754","saga","SAGA","saga:gwrforsinglepredictorgriddedmodeloutput","gwrforsinglepredictorgriddedmodeloutput","Gwr for single predictor (gridded model output)"
"755","saga","SAGA","saga:gwrforsinglepredictorlayer","gwrforsinglepredictorlayer","Gwr for single predictor layer"
"756","saga","SAGA","saga:histogramsurface","histogramsurface","Histogram surface"
"757","saga","SAGA","saga:hypsometry","hypsometry","Hypsometry"
"758","saga","SAGA","saga:imcorrfeaturetracking","imcorrfeaturetracking","Imcorr - feature tracking"
"759","saga","SAGA","saga:interpolatecubicspline","interpolatecubicspline","Interpolate (cubic spline)"
"760","saga","SAGA","saga:intersect","intersect","Intersect"
"761","saga","SAGA","saga:inversedistanceweightedinterpolation","inversedistanceweightedinterpolation","Inverse distance weighted interpolation"
"762","saga","SAGA","saga:invertdatanodata","invertdatanodata","Invert data/no-data"
"763","saga","SAGA","saga:invertgrid","invertgrid","Invert grid"
"764","saga","SAGA","saga:isodataclusteringforgrids","isodataclusteringforgrids","Isodata clustering for grids"
"765","saga","SAGA","saga:kerneldensityestimation","kerneldensityestimation","Kernel density estimation"
"766","saga","SAGA","saga:kmeansclusteringforgrids","kmeansclusteringforgrids","K-means clustering for grids"
"767","saga","SAGA","saga:knearestneighboursclassificationopencv","knearestneighboursclassificationopencv","K-nearest neighbours classification (opencv)"
"768","saga","SAGA","saga:lakeflood","lakeflood","Lake flood"
"769","saga","SAGA","saga:landsurfacetemperature","landsurfacetemperature","Land surface temperature"
"770","saga","SAGA","saga:landusescenariogenerator","landusescenariogenerator","Land use scenario generator"
"771","saga","SAGA","saga:laplacianfilter","laplacianfilter","Laplacian filter"
"772","saga","SAGA","saga:layerofextremevalue","layerofextremevalue","Layer of extreme value"
"773","saga","SAGA","saga:leastcostpaths","leastcostpaths","Least cost paths"
"774","saga","SAGA","saga:linedissolve","linedissolve","Line dissolve"
"775","saga","SAGA","saga:linepolygonintersection","linepolygonintersection","Line-polygon intersection"
"776","saga","SAGA","saga:lineproperties","lineproperties","Line properties"
"777","saga","SAGA","saga:linesimplification","linesimplification","Line simplification"
"778","saga","SAGA","saga:linesmoothing","linesmoothing","Line smoothing"
"779","saga","SAGA","saga:localminimaandmaxima","localminimaandmaxima","Local minima and maxima"
"780","saga","SAGA","saga:lsfactor","lsfactor","Ls factor"
"781","saga","SAGA","saga:lsfactorfieldbased","lsfactorfieldbased","Ls-factor, field based"
"782","saga","SAGA","saga:majorityfilter","majorityfilter","Majority filter"
"783","saga","SAGA","saga:massbalanceindex","massbalanceindex","Mass balance index"
"784","saga","SAGA","saga:maximumentropypresenceprediction","maximumentropypresenceprediction","Maximum entropy presence prediction"
"785","saga","SAGA","saga:maximumflowpathlength","maximumflowpathlength","Maximum flow path length"
"786","saga","SAGA","saga:mergevectorlayers","mergevectorlayers","Merge vector layers"
"787","saga","SAGA","saga:meshdenoise","meshdenoise","Mesh denoise"
"788","saga","SAGA","saga:metricconversions","metricconversions","Metric conversions"
"789","saga","SAGA","saga:minimumdistanceanalysis","minimumdistanceanalysis","Minimum distance analysis"
"790","saga","SAGA","saga:mirrorgrid","mirrorgrid","Mirror grid"
"791","saga","SAGA","saga:modifiedquadraticshepardinterpolation","modifiedquadraticshepardinterpolation","Modified quadratic shepard interpolation"
"792","saga","SAGA","saga:monthlyglobalbylatitude","monthlyglobalbylatitude","Monthly global by latitude"
"793","saga","SAGA","saga:morphologicalfilter","morphologicalfilter","Morphological filter"
"794","saga","SAGA","saga:morphologicalfilteropencv","morphologicalfilteropencv","Morphological filter (opencv)"
"795","saga","SAGA","saga:morphologicalfiltervigra","morphologicalfiltervigra","Morphological filter (vigra)"
"796","saga","SAGA","saga:morphometricfeatures","morphometricfeatures","Morphometric features"
"797","saga","SAGA","saga:morphometricprotectionindex","morphometricprotectionindex","Morphometric protection index"
"798","saga","SAGA","saga:mosaicrasterlayers","mosaicrasterlayers","Mosaic raster layers"
"799","saga","SAGA","saga:multibandvariation","multibandvariation","Multi-band variation"
"800","saga","SAGA","saga:multidirectionleefilter","multidirectionleefilter","Multi direction lee filter"
"801","saga","SAGA","saga:multilevelbsplineinterpolation","multilevelbsplineinterpolation","Multilevel b-spline interpolation"
"802","saga","SAGA","saga:multilevelbsplineinterpolationforcategories","multilevelbsplineinterpolationforcategories","Multilevel b-spline interpolation for categories"
"803","saga","SAGA","saga:multilevelbsplineinterpolationfromraster","multilevelbsplineinterpolationfromraster","Multilevel b-spline interpolation (from raster)"
"804","saga","SAGA","saga:multiplelinearregressionanalysis","multiplelinearregressionanalysis","Multiple linear regression analysis"
"805","saga","SAGA","saga:multiplelinearregressionanalysisshapes","multiplelinearregressionanalysisshapes","Multiple linear regression analysis (shapes)"
"806","saga","SAGA","saga:multipleregressionanalysisgridandpredictorgrids","multipleregressionanalysisgridandpredictorgrids","Multiple regression analysis (grid and predictor grids)"
"807","saga","SAGA","saga:multipleregressionanalysispointsandpredictorgrids","multipleregressionanalysispointsandpredictorgrids","Multiple regression analysis (points and predictor grids)"
"808","saga","SAGA","saga:multipleregressionanalysispointsraster","multipleregressionanalysispointsraster","Multiple regression analysis (points/raster)"
"809","saga","SAGA","saga:multipleregressionanalysisrasterraster","multipleregressionanalysisrasterraster","Multiple regression analysis (raster/raster)"
"810","saga","SAGA","saga:multiresolutionindexofvalleybottomflatnessmrvbf","multiresolutionindexofvalleybottomflatnessmrvbf","Multiresolution index of valley bottom flatness (mrvbf)"
"811","saga","SAGA","saga:naturalneighbour","naturalneighbour","Natural neighbour"
"812","saga","SAGA","saga:nearestneighbour","nearestneighbour","Nearest neighbour"
"813","saga","SAGA","saga:normalbayesclassificationopencv","normalbayesclassificationopencv","Normal bayes classification (opencv)"
"814","saga","SAGA","saga:orderedweightedaveraging","orderedweightedaveraging","Ordered weighted averaging"
"815","saga","SAGA","saga:ordinarykriging","ordinarykriging","Ordinary kriging"
"816","saga","SAGA","saga:overlandflowdistancetochannelnetwork","overlandflowdistancetochannelnetwork","Overland flow distance to channel network"
"817","saga","SAGA","saga:overlandflowkinematicwaved8","overlandflowkinematicwaved8","Overland flow - kinematic wave d8"
"818","saga","SAGA","saga:paramemeltonruggednessnumber","paramemeltonruggednessnumber","Paramemelton ruggedness number"
"819","saga","SAGA","saga:patching","patching","Patching"
"820","saga","SAGA","saga:patternanalysis","patternanalysis","Pattern analysis"
"821","saga","SAGA","saga:petafterhargreavesgrid","petafterhargreavesgrid","Pet (after hargreaves, grid)"
"822","saga","SAGA","saga:petafterhargreavestable","petafterhargreavestable","Pet (after hargreaves, table)"
"823","saga","SAGA","saga:pointdistances","pointdistances","Point distances"
"824","saga","SAGA","saga:pointsfilter","pointsfilter","Points filter"
"825","saga","SAGA","saga:pointstatisticsforpolygons","pointstatisticsforpolygons","Point statistics for polygons"
"826","saga","SAGA","saga:pointsthinning","pointsthinning","Points thinning"
"827","saga","SAGA","saga:polartocartesiancoordinates","polartocartesiancoordinates","Polar to cartesian coordinates"
"828","saga","SAGA","saga:polygoncentroids","polygoncentroids","Polygon centroids"
"829","saga","SAGA","saga:polygonclipping","polygonclipping","Polygon clipping"
"830","saga","SAGA","saga:polygondissolveallpolygons","polygondissolveallpolygons","Polygon dissolve (all polygons)"
"831","saga","SAGA","saga:polygondissolvebyattribute","polygondissolvebyattribute","Polygon dissolve (by attribute)"
"832","saga","SAGA","saga:polygonidentity","polygonidentity","Polygon identity"
"833","saga","SAGA","saga:polygonlineintersection","polygonlineintersection","Polygon-line intersection"
"834","saga","SAGA","saga:polygonpartstoseparatepolygons","polygonpartstoseparatepolygons","Polygon parts to separate polygons"
"835","saga","SAGA","saga:polygonproperties","polygonproperties","Polygon properties"
"836","saga","SAGA","saga:polygonselfintersection","polygonselfintersection","Polygon self-intersection"
"837","saga","SAGA","saga:polygonshapeindices","polygonshapeindices","Polygon shape indices"
"838","saga","SAGA","saga:polygonstoedgesandnodes","polygonstoedgesandnodes","Polygons to edges and nodes"
"839","saga","SAGA","saga:polygonunion","polygonunion","Polygon union"
"840","saga","SAGA","saga:polygonupdate","polygonupdate","Polygon update"
"841","saga","SAGA","saga:polynomialregression","polynomialregression","Polynomial regression"
"842","saga","SAGA","saga:principlecomponentsanalysis","principlecomponentsanalysis","Principle components analysis"
"843","saga","SAGA","saga:profilefrompointstable","profilefrompointstable","Profile from points table"
"844","saga","SAGA","saga:profilesfromlines","profilesfromlines","Profiles from lines"
"845","saga","SAGA","saga:proximityraster","proximityraster","Proximity raster"
"846","saga","SAGA","saga:quadtreestructuretopolygons","quadtreestructuretopolygons","Quadtree structure to polygons"
"847","saga","SAGA","saga:radiusofvarianceraster","radiusofvarianceraster","Radius of variance (raster)"
"848","saga","SAGA","saga:randomfield","randomfield","Random field"
"849","saga","SAGA","saga:randomforestclassificationopencv","randomforestclassificationopencv","Random forest classification (opencv)"
"850","saga","SAGA","saga:randomforestpresencepredictionvigra","randomforestpresencepredictionvigra","Random forest presence prediction (vigra)"
"851","saga","SAGA","saga:randomterraingeneration","randomterraingeneration","Random terrain generation"
"852","saga","SAGA","saga:rankfilter","rankfilter","Rank filter"
"853","saga","SAGA","saga:rasterbuffer","rasterbuffer","Raster buffer"
"854","saga","SAGA","saga:rastercalculator","rastercalculator","Raster calculator"
"855","saga","SAGA","saga:rastercellindex","rastercellindex","Raster cell index"
"856","saga","SAGA","saga:rasterdifference","rasterdifference","Raster difference"
"857","saga","SAGA","saga:rasterdivision","rasterdivision","Raster division"
"858","saga","SAGA","saga:rasterize","rasterize","Rasterize"
"859","saga","SAGA","saga:rastermasking","rastermasking","Raster masking"
"860","saga","SAGA","saga:rasternormalisation","rasternormalisation","Raster normalisation"
"861","saga","SAGA","saga:rasterorientation","rasterorientation","Raster orientation"
"862","saga","SAGA","saga:rasterproduct","rasterproduct","Raster product"
"863","saga","SAGA","saga:rasterproximitybuffer","rasterproximitybuffer","Raster proximity buffer"
"864","saga","SAGA","saga:rasterskeletonization","rasterskeletonization","Raster skeletonization"
"865","saga","SAGA","saga:rasterssum","rasterssum","Rasters sum"
"866","saga","SAGA","saga:rasterstandardisation","rasterstandardisation","Raster standardisation"
"867","saga","SAGA","saga:rasterstatisticsforpolygons","rasterstatisticsforpolygons","Raster statistics for polygons"
"868","saga","SAGA","saga:rastervaluestopoints","rastervaluestopoints","Raster values to points"
"869","saga","SAGA","saga:rastervaluestopointsrandomly","rastervaluestopointsrandomly","Raster values to points (randomly)"
"870","saga","SAGA","saga:rastervolume","rastervolume","Raster volume"
"871","saga","SAGA","saga:realsurfacearea","realsurfacearea","Real surface area"
"872","saga","SAGA","saga:reclassifyvalues","reclassifyvalues","Reclassify values"
"873","saga","SAGA","saga:reclassifyvaluesrange","reclassifyvaluesrange","Reclassify values (range)"
"874","saga","SAGA","saga:reclassifyvaluessimple","reclassifyvaluessimple","Reclassify values (simple)"
"875","saga","SAGA","saga:reclassifyvaluessingle","reclassifyvaluessingle","Reclassify values (single)"
"876","saga","SAGA","saga:reclassifyvaluestable","reclassifyvaluestable","Reclassify values (table)"
"877","saga","SAGA","saga:regressionanalysis","regressionanalysis","Regression analysis"
"878","saga","SAGA","saga:regressionanalysispointsandpredictorgrid","regressionanalysispointsandpredictorgrid","Regression analysis (points and predictor grid)"
"879","saga","SAGA","saga:regressionkriging","regressionkriging","Regression kriging"
"880","saga","SAGA","saga:relativeheightsandslopepositions","relativeheightsandslopepositions","Relative heights and slope positions"
"881","saga","SAGA","saga:removeduplicatepoints","removeduplicatepoints","Remove duplicate points"
"882","saga","SAGA","saga:removesmallpixelclumpstonodata","removesmallpixelclumpstonodata","Remove small pixel clumps (to no-data)"
"883","saga","SAGA","saga:representativeness","representativeness","Representativeness"
"884","saga","SAGA","saga:resampling","resampling","Resampling"
"885","saga","SAGA","saga:resamplingfilter","resamplingfilter","Resampling filter"
"886","saga","SAGA","saga:residualanalysis","residualanalysis","Residual analysis"
"887","saga","SAGA","saga:rgbcomposite","rgbcomposite","Rgb composite"
"888","saga","SAGA","saga:riverbasin","riverbasin","Riverbasin"
"889","saga","SAGA","saga:rivergridgeneration","rivergridgeneration","Rivergridgeneration"
"890","saga","SAGA","saga:runningaverage","runningaverage","Running average"
"891","saga","SAGA","saga:sagawetnessindex","sagawetnessindex","Saga wetness index"
"892","saga","SAGA","saga:seededregiongrowing","seededregiongrowing","Seeded region growing"
"893","saga","SAGA","saga:seedgeneration","seedgeneration","Seed generation"
"894","saga","SAGA","saga:separatepointsbydirection","separatepointsbydirection","Separate points by direction"
"895","saga","SAGA","saga:sharedpolygonedges","sharedpolygonedges","Shared polygon edges"
"896","saga","SAGA","saga:shrinkandexpand","shrinkandexpand","Shrink and expand"
"897","saga","SAGA","saga:sievingclasses","sievingclasses","Sieving classes"
"898","saga","SAGA","saga:simplefilter","simplefilter","Simple filter"
"899","saga","SAGA","saga:simplefilterwithinshapes","simplefilterwithinshapes","Simple filter within shapes"
"900","saga","SAGA","saga:simplekriging","simplekriging","Simple kriging"
"901","saga","SAGA","saga:simpleregiongrowing","simpleregiongrowing","Simple region growing"
"902","saga","SAGA","saga:simulation","simulation","Simulation"
"903","saga","SAGA","saga:singlevaluedecompositionopencv","singlevaluedecompositionopencv","Single value decomposition (opencv)"
"904","saga","SAGA","saga:sinkdrainageroutedetection","sinkdrainageroutedetection","Sink drainage route detection"
"905","saga","SAGA","saga:sinkremoval","sinkremoval","Sink removal"
"906","saga","SAGA","saga:skyviewfactor","skyviewfactor","Sky view factor"
"907","saga","SAGA","saga:slopeaspectcurvature","slopeaspectcurvature","Slope, aspect, curvature"
"908","saga","SAGA","saga:slopelength","slopelength","Slope length"
"909","saga","SAGA","saga:slopelimitedflowaccumulation","slopelimitedflowaccumulation","Slope limited flow accumulation"
"910","saga","SAGA","saga:smoothingvigra","smoothingvigra","Smoothing (vigra)"
"911","saga","SAGA","saga:snappointstogrid","snappointstogrid","Snap points to grid"
"912","saga","SAGA","saga:snappointstolines","snappointstolines","Snap points to lines"
"913","saga","SAGA","saga:snappointstopoints","snappointstopoints","Snap points to points"
"914","saga","SAGA","saga:soiltextureclassification","soiltextureclassification","Soil texture classification"
"915","saga","SAGA","saga:spatialpointpatternanalysis","spatialpointpatternanalysis","Spatial point pattern analysis"
"916","saga","SAGA","saga:splitlinesatpoints","splitlinesatpoints","Split lines at points"
"917","saga","SAGA","saga:splitlineswithlines","splitlineswithlines","Split lines with lines"
"918","saga","SAGA","saga:splitrgbbands","splitrgbbands","Split RGB bands"
"919","saga","SAGA","saga:splitshapeslayerrandomly","splitshapeslayerrandomly","Split shapes layer randomly"
"920","saga","SAGA","saga:statisticsforrasters","statisticsforrasters","Statistics for rasters"
"921","saga","SAGA","saga:strahlerorder","strahlerorder","Strahler order"
"922","saga","SAGA","saga:streampowerindex","streampowerindex","Stream power index"
"923","saga","SAGA","saga:successiveflowrouting","successiveflowrouting","Successive flow routing"
"924","saga","SAGA","saga:supervisedclassification","supervisedclassification","Supervised classification"
"925","saga","SAGA","saga:supervisedclassificationforgrids","supervisedclassificationforgrids","Supervised classification for grids"
"926","saga","SAGA","saga:supervisedclassificationforshapes","supervisedclassificationforshapes","Supervised classification for shapes"
"927","saga","SAGA","saga:supportvectormachineclassificationopencv","supportvectormachineclassificationopencv","Support vector machine classification (opencv)"
"928","saga","SAGA","saga:surfaceandgradient","surfaceandgradient","Surface and gradient"
"929","saga","SAGA","saga:surfacegradientandconcentration","surfacegradientandconcentration","Surface, gradient and concentration"
"930","saga","SAGA","saga:surfacespecificpoints","surfacespecificpoints","Surface specific points"
"931","saga","SAGA","saga:svmclassification","svmclassification","Svm classification"
"932","saga","SAGA","saga:symmetricaldifference","symmetricaldifference","Symmetrical difference"
"933","saga","SAGA","saga:tasseledcaptransformation","tasseledcaptransformation","Tasseled cap transformation"
"934","saga","SAGA","saga:tcilow","tcilow","Tci low"
"935","saga","SAGA","saga:terrainmapview","terrainmapview","Terrain map view"
"936","saga","SAGA","saga:terrainruggednessindextri","terrainruggednessindextri","Terrain ruggedness index (tri)"
"937","saga","SAGA","saga:terrainsurfaceclassificationiwahashiandpike","terrainsurfaceclassificationiwahashiandpike","Terrain surface classification (iwahashi and pike)"
"938","saga","SAGA","saga:terrainsurfaceconvexity","terrainsurfaceconvexity","Terrain surface convexity"
"939","saga","SAGA","saga:terrainsurfacetexture","terrainsurfacetexture","Terrain surface texture"
"940","saga","SAGA","saga:thiessenpolygons","thiessenpolygons","Thiessen polygons"
"941","saga","SAGA","saga:thinplatespline","thinplatespline","Thin plate spline"
"942","saga","SAGA","saga:thinplatesplinetin","thinplatesplinetin","Thin plate spline (tin)"
"943","saga","SAGA","saga:thresholdrasterbuffer","thresholdrasterbuffer","Threshold raster buffer"
"944","saga","SAGA","saga:topofatmospherereflectance","topofatmospherereflectance","Top of atmosphere reflectance"
"945","saga","SAGA","saga:topographiccorrection","topographiccorrection","Topographic correction"
"946","saga","SAGA","saga:topographicopenness","topographicopenness","Topographic openness"
"947","saga","SAGA","saga:topographicpositionindextpi","topographicpositionindextpi","Topographic position index (tpi)"
"948","saga","SAGA","saga:topographicwetnessindextwi","topographicwetnessindextwi","Topographic wetness index (twi)"
"949","saga","SAGA","saga:tpibasedlandformclassification","tpibasedlandformclassification","Tpi based landform classification"
"950","saga","SAGA","saga:transectthroughpolygonshapefile","transectthroughpolygonshapefile","Transect through polygon shapefile"
"951","saga","SAGA","saga:transformvectorlayer","transformvectorlayer","Transform vector layer"
"952","saga","SAGA","saga:transposerasterlayers","transposerasterlayers","Transpose raster layers"
"953","saga","SAGA","saga:triangulation","triangulation","Triangulation"
"954","saga","SAGA","saga:universalkriging","universalkriging","Universal kriging"
"955","saga","SAGA","saga:upslopeanddownslopecurvature","upslopeanddownslopecurvature","Upslope and downslope curvature"
"956","saga","SAGA","saga:upslopearea","upslopearea","Upslope area"
"957","saga","SAGA","saga:userdefinedfilter","userdefinedfilter","User defined filter"
"958","saga","SAGA","saga:valleyandridgedetectiontophatapproach","valleyandridgedetectiontophatapproach","Valley and ridge detection (top hat approach)"
"959","saga","SAGA","saga:valleydepth","valleydepth","Valley depth"
"960","saga","SAGA","saga:variabledistancebuffer","variabledistancebuffer","Variable distance buffer"
"961","saga","SAGA","saga:variogramcloud","variogramcloud","Variogram cloud"
"962","saga","SAGA","saga:variogramsurface","variogramsurface","Variogram surface"
"963","saga","SAGA","saga:vectorisinggridclasses","vectorisinggridclasses","Vectorising grid classes"
"964","saga","SAGA","saga:vectorruggednessmeasurevrm","vectorruggednessmeasurevrm","Vector ruggedness measure (vrm)"
"965","saga","SAGA","saga:vegetationindexdistancebased","vegetationindexdistancebased","Vegetation index (distance based)"
"966","saga","SAGA","saga:vegetationindexslopebased","vegetationindexslopebased","Vegetation index (slope based)"
"967","saga","SAGA","saga:verticaldistancetochannelnetwork","verticaldistancetochannelnetwork","Vertical distance to channel network"
"968","saga","SAGA","saga:warpingshapes","warpingshapes","Warping shapes"
"969","saga","SAGA","saga:waterretentioncapacity","waterretentioncapacity","Water retention capacity"
"970","saga","SAGA","saga:watershedbasins","watershedbasins","Watershed basins"
"971","saga","SAGA","saga:watershedsegmentation","watershedsegmentation","Watershed segmentation"
"972","saga","SAGA","saga:watershedsegmentationvigra","watershedsegmentationvigra","Watershed segmentation (vigra)"
"973","saga","SAGA","saga:windeffect","windeffect","Wind effect"
"974","saga","SAGA","saga:windexpositionindex","windexpositionindex","Wind exposition index"
"975","saga","SAGA","saga:zonalmultipleregressionanalysispointsandpredictorgrids","zonalmultipleregressionanalysispointsandpredictorgrids","Zonal multiple regression analysis (points and predictor grids)"
"976","saga","SAGA","saga:zonalrasterstatistics","zonalrasterstatistics","Zonal raster statistics"
